# index	predicate	file	rows	bytes	sha256	merkle-leaves	graphs	graph-set	literal-index	geo-index
0	http://www.w3.org/1999/02/22-rdf-syntax-ns#type	predicate-0.ibk4	1727	198586	6f704db6fce178ef13e80eedfa86918a7a8ba46d5e351bf911389b9f90871eaf	predicate-0.ibk4.merkle	1	https://danbri.github.io/londat/kgx/graph/web	predicate-0.ibk4.lgi1	predicate-0.ibk4.gbi1
1	https://schema.org/url	predicate-1.ibk4	478	82734	78f996e0f938b25c390e5a68376f2f916735662348e3320d14576627b01c11fa	predicate-1.ibk4.merkle	1	https://danbri.github.io/londat/kgx/graph/web	predicate-1.ibk4.lgi1	predicate-1.ibk4.gbi1
2	https://schema.org/logo	predicate-2.ibk4	168	31835	c64c6ba0ec31eeffd5bfc7e91b87262288df21f9b47689de2aeba147fd5d8fea	predicate-2.ibk4.merkle	1	https://danbri.github.io/londat/kgx/graph/web	predicate-2.ibk4.lgi1	predicate-2.ibk4.gbi1
3	https://schema.org/name	predicate-3.ibk4	414	68850	5f6bf6405e51872d7fbfd0d115e79520382b648489789f5ab30780d88e91cea6	predicate-3.ibk4.merkle	1	https://danbri.github.io/londat/kgx/graph/web	predicate-3.ibk4.lgi1	predicate-3.ibk4.gbi1
4	https://schema.org/address	predicate-4.ibk4	218	50321	9d977913e14f231979a66f844cca98689d70b4ec6520ae5fcbcf7f2f4060c9dd	predicate-4.ibk4.merkle	1	https://danbri.github.io/londat/kgx/graph/web	predicate-4.ibk4.lgi1	predicate-4.ibk4.gbi1
5	http://www.w3.org/2000/01/rdf-schema#label	predicate-5.ibk4	142	19469	184f72a4880ade7f243d6f47a17c9c6abb870851711dc3ea6ea725ff3d88ed0d	predicate-5.ibk4.merkle	1	https://danbri.github.io/londat/kgx/graph/facts	predicate-5.ibk4.lgi1	predicate-5.ibk4.gbi1
6	https://schema.org/sameAs	predicate-6.ibk4	482	56798	3e159f25c31b1bf0827ddd37317bc60a753159266be208306b463e1a0dee56a3	predicate-6.ibk4.merkle	1	https://danbri.github.io/londat/kgx/graph/web	predicate-6.ibk4.lgi1	predicate-6.ibk4.gbi1
7	https://schema.org/geo	predicate-7.ibk4	79	18217	abff91b280252c4a9ca66213203a0348489cb513bcb74006be0b35e4c42e0e2e	predicate-7.ibk4.merkle	1	https://danbri.github.io/londat/kgx/graph/web	predicate-7.ibk4.lgi1	predicate-7.ibk4.gbi1
8	https://schema.org/openingHoursSpecification	predicate-8.ibk4	341	53819	d47a6e0d43ea9d833555d4aee44a30d8f882d5f251f1839129439ca3f4334f53	predicate-8.ibk4.merkle	1	https://danbri.github.io/londat/kgx/graph/web	predicate-8.ibk4.lgi1	predicate-8.ibk4.gbi1
9	https://danbri.github.io/glitchcan-minigam/magpie/cwplans/data-register.json#vocab/hoursText	predicate-9.ibk4	142	15304	454df3adb01f698588d658e254cb6a19406cc167b2d6ebe14124f8dbf67561aa	predicate-9.ibk4.merkle	1	https://danbri.github.io/londat/kgx/graph/web	predicate-9.ibk4.lgi1	predicate-9.ibk4.gbi1
10	https://schema.org/telephone	predicate-10.ibk4	115	19641	9bc9b2a34bc75bf6cc37205efee98c8525cb4993ee159c253fca0912ca401056	predicate-10.ibk4.merkle	1	https://danbri.github.io/londat/kgx/graph/web	predicate-10.ibk4.lgi1	predicate-10.ibk4.gbi1
11	http://www.w3.org/1999/02/22-rdf-syntax-ns#type	predicate-11.ibk4	2589	246529	24b2ef75bf0ae491cc0685aff049966be5a7c55835f965025a95da4ec4ebe027	predicate-11.ibk4.merkle	1	https://danbri.github.io/londat/kgx/graph/cwg	predicate-11.ibk4.lgi1	predicate-11.ibk4.gbi1
12	https://danbri.github.io/londat/kgx/vocab#closesMinute	predicate-12.ibk4	2190	214067	1de569e6994ab4c5b21e0a5deb5fd356723c72bc83dfdd8c71a8c5add96dddea	predicate-12.ibk4.merkle	1	https://danbri.github.io/londat/kgx/graph/cwg	predicate-12.ibk4.lgi1	predicate-12.ibk4.gbi1
13	https://danbri.github.io/londat/kgx/vocab#opensMinute	predicate-13.ibk4	2187	213667	b93f2ebce0eeaae2fcc86a6dd56614f453b34c2e9e29c824781a4ed1af7cb38f	predicate-13.ibk4.merkle	1	https://danbri.github.io/londat/kgx/graph/cwg	predicate-13.ibk4.lgi1	predicate-13.ibk4.gbi1
14	https://schema.org/closes	predicate-14.ibk4	2190	214047	d00f3209be617cd88e6324f8d2c959b2c4672f1ec65287518167f47fb445af29	predicate-14.ibk4.merkle	1	https://danbri.github.io/londat/kgx/graph/cwg	predicate-14.ibk4.lgi1	predicate-14.ibk4.gbi1
15	https://schema.org/dayOfWeek	predicate-15.ibk4	2183	212508	eb302c7d370e7bab260fac52acc8674132025c8ff98b644ac746387a36a90f6d	predicate-15.ibk4.merkle	1	https://danbri.github.io/londat/kgx/graph/cwg	predicate-15.ibk4.lgi1	predicate-15.ibk4.gbi1
16	https://schema.org/opens	predicate-16.ibk4	2187	213662	28a627f9775b96a30692efe9bd80e807ff9345120d5c1a787ec19170086ebf4c	predicate-16.ibk4.merkle	1	https://danbri.github.io/londat/kgx/graph/cwg	predicate-16.ibk4.lgi1	predicate-16.ibk4.gbi1
17	https://danbri.github.io/londat/kgx/vocab#hoursAsOf	predicate-17.ibk4	332	28265	8f9785017cb1c9df5a546c4ff542eedfde0a1cb6e68bb0deded1cf382d3ec141	predicate-17.ibk4.merkle	1	https://danbri.github.io/londat/kgx/graph/cwg	predicate-17.ibk4.lgi1	predicate-17.ibk4.gbi1
18	https://schema.org/containedInPlace	predicate-18.ibk4	717	40584	ab9df7c6fa097f0e2af0d2f98a9db37d4882d1a12b2cd871050abb7ff29bd953	predicate-18.ibk4.merkle	1	https://danbri.github.io/londat/kgx/graph/cwg	predicate-18.ibk4.lgi1	predicate-18.ibk4.gbi1
19	https://schema.org/name	predicate-19.ibk4	406	61813	dcf73b0eabf84a43deeb1c7c7d4c99be75e8932bb9a8e5d7aab7dc500be6abd4	predicate-19.ibk4.merkle	1	https://danbri.github.io/londat/kgx/graph/cwg	predicate-19.ibk4.lgi1	predicate-19.ibk4.gbi1
20	https://schema.org/openingHours	predicate-20.ibk4	332	50153	1c072fdddb215add791dfccc916878b6475f5d60c821dbc2cac6d8a845e73201	predicate-20.ibk4.merkle	1	https://danbri.github.io/londat/kgx/graph/cwg	predicate-20.ibk4.lgi1	predicate-20.ibk4.gbi1
21	https://schema.org/openingHoursSpecification	predicate-21.ibk4	2183	232517	fa1523420e5ada1999cda1813163598378a08133f8057da09a7bf6d666fe0460	predicate-21.ibk4.merkle	1	https://danbri.github.io/londat/kgx/graph/cwg	predicate-21.ibk4.lgi1	predicate-21.ibk4.gbi1
22	https://schema.org/subjectOf	predicate-22.ibk4	374	50625	1b923a01810031ff8462575eedb630c31e738f561fcdc18527e24c5faabc88e0	predicate-22.ibk4.merkle	1	https://danbri.github.io/londat/kgx/graph/cwg	predicate-22.ibk4.lgi1	predicate-22.ibk4.gbi1
23	https://schema.org/url	predicate-23.ibk4	312	36185	8c18993fdd8cd0d5a05f36987f94f944222edbc16bcfae3e941d8f88f7da6ccc	predicate-23.ibk4.merkle	1	https://danbri.github.io/londat/kgx/graph/cwg	predicate-23.ibk4.lgi1	predicate-23.ibk4.gbi1
24	https://schema.org/dateModified	predicate-24.ibk4	344	51051	e8086a69283bbb9dbbf0d411b28b9fcb3af09b2aaee415e487391df5b430284c	predicate-24.ibk4.merkle	1	https://danbri.github.io/londat/kgx/graph/cwg	predicate-24.ibk4.lgi1	predicate-24.ibk4.gbi1
25	https://schema.org/datePublished	predicate-25.ibk4	357	49126	24fec9462b1f852d68b015dc5566d32edf4e0ddf22680fb28c0055fff4ffd5ec	predicate-25.ibk4.merkle	1	https://danbri.github.io/londat/kgx/graph/cwg	predicate-25.ibk4.lgi1	predicate-25.ibk4.gbi1
26	https://danbri.github.io/londat/kgx/vocab#registryBuilding	predicate-26.ibk4	322	29477	a24ad41b178e60d975f4fa6e1d51f7b9eead26ef83a9020dbc8dd7dfc5a50c81	predicate-26.ibk4.merkle	1	https://danbri.github.io/londat/kgx/graph/cwg	predicate-26.ibk4.lgi1	predicate-26.ibk4.gbi1
27	https://schema.org/addressCountry	predicate-27.ibk4	344	28446	ce831203a4ea5a0394446d60175f811071110f095d6cb9c0a646559fb9c5456b	predicate-27.ibk4.merkle	1	https://danbri.github.io/londat/kgx/graph/cwg	predicate-27.ibk4.lgi1	predicate-27.ibk4.gbi1
28	https://schema.org/postalCode	predicate-28.ibk4	331	30527	29cabfb1cedae26eb2f50fdfd56f2d8485e2586175b0ad31b3f774386dc39d3d	predicate-28.ibk4.merkle	1	https://danbri.github.io/londat/kgx/graph/cwg	predicate-28.ibk4.lgi1	predicate-28.ibk4.gbi1
29	https://schema.org/streetAddress	predicate-29.ibk4	113	13825	8337faeb5739fd08b11f1f498d701681bb1b6fd006278af2475d91d67befc6d0	predicate-29.ibk4.merkle	1	https://danbri.github.io/londat/kgx/graph/cwg	predicate-29.ibk4.lgi1	predicate-29.ibk4.gbi1
30	https://danbri.github.io/londat/kgx/vocab#status	predicate-30.ibk4	6	694	749c1c9275fa237d77537c0f6e85fe9c66946b7f956e80947ddec7120f9319d3	predicate-30.ibk4.merkle	1	https://danbri.github.io/londat/kgx/graph/cwg	predicate-30.ibk4.lgi1	predicate-30.ibk4.gbi1
31	https://schema.org/address	predicate-31.ibk4	344	49417	0eddaf1d0fd65d041a54c7d9b9a35966b1170c632fdf06ca3f924c2836b4e41d	predicate-31.ibk4.merkle	1	https://danbri.github.io/londat/kgx/graph/cwg	predicate-31.ibk4.lgi1	predicate-31.ibk4.gbi1
32	https://schema.org/servesCuisine	predicate-32.ibk4	52	5120	6d6412afd1f2dae969589a52d6b6cb6f29cf475790de2540d6a3ff516e5fea3b	predicate-32.ibk4.merkle	1	https://danbri.github.io/londat/kgx/graph/cwg	predicate-32.ibk4.lgi1	predicate-32.ibk4.gbi1
33	https://danbri.github.io/londat/kgx/vocab#levelText	predicate-33.ibk4	242	21105	de9a4b3abde0450f38325f69932662326ddee55f790dcfacc443d01377fc3d1e	predicate-33.ibk4.merkle	1	https://danbri.github.io/londat/kgx/graph/cwg	predicate-33.ibk4.lgi1	predicate-33.ibk4.gbi1
34	https://schema.org/closes	predicate-34.ibk4	460	67436	5d241ffd58f82786f9dfd72b3ba2b79aa1672c81f27486f55e71c74e5d4a2966	predicate-34.ibk4.merkle	1	https://danbri.github.io/londat/kgx/graph/web	predicate-34.ibk4.lgi1	predicate-34.ibk4.gbi1
35	https://schema.org/opens	predicate-35.ibk4	460	67272	7ab99ce77f90c98e88abdbec9ef4b0413cd84ef884f87a27172a016c80c11dc3	predicate-35.ibk4.merkle	1	https://danbri.github.io/londat/kgx/graph/web	predicate-35.ibk4.lgi1	predicate-35.ibk4.gbi1
36	https://schema.org/validFrom	predicate-36.ibk4	114	23130	314e286920732202b6def4c77dec6c30c012ad4ca9be0c8d7112b04c63ec9cdf	predicate-36.ibk4.merkle	1	https://danbri.github.io/londat/kgx/graph/web	predicate-36.ibk4.lgi1	predicate-36.ibk4.gbi1
37	https://schema.org/validThrough	predicate-37.ibk4	114	23133	ae9d588cc65322a57230f9b6e64088d7bf1810abdf58018a39f32272ad224de2	predicate-37.ibk4.merkle	1	https://danbri.github.io/londat/kgx/graph/web	predicate-37.ibk4.lgi1	predicate-37.ibk4.gbi1
38	https://schema.org/addressCountry	predicate-38.ibk4	158	23129	0f9807de59c8babe51570094865f3d4ba18759c7c0882aa1a35abd10d93e208c	predicate-38.ibk4.merkle	1	https://danbri.github.io/londat/kgx/graph/web	predicate-38.ibk4.lgi1	predicate-38.ibk4.gbi1
39	https://schema.org/addressLocality	predicate-39.ibk4	183	27789	13f66b740578360877cc9b3acce7eb1bcb6107734d6c8020353403bc030a6562	predicate-39.ibk4.merkle	1	https://danbri.github.io/londat/kgx/graph/web	predicate-39.ibk4.lgi1	predicate-39.ibk4.gbi1
40	https://schema.org/postalCode	predicate-40.ibk4	180	31240	5c2e00459afc21c218f67708d291c48c9d30a06768db390fd9f051858adee5b6	predicate-40.ibk4.merkle	1	https://danbri.github.io/londat/kgx/graph/web	predicate-40.ibk4.lgi1	predicate-40.ibk4.gbi1
41	https://schema.org/streetAddress	predicate-41.ibk4	188	36536	0776e2e765ad33801dffef9173419a0872df9e774db363cf26c27ec015addf57	predicate-41.ibk4.merkle	1	https://danbri.github.io/londat/kgx/graph/web	predicate-41.ibk4.lgi1	predicate-41.ibk4.gbi1
42	https://schema.org/dayOfWeek	predicate-42.ibk4	442	51659	d786d525dabac0cc915cf814950613984c63efd2712e4d96664d24f93aa7a7c2	predicate-42.ibk4.merkle	1	https://danbri.github.io/londat/kgx/graph/web	predicate-42.ibk4.lgi1	predicate-42.ibk4.gbi1
43	https://schema.org/latitude	predicate-43.ibk4	79	15417	dda09961d65f7c801d88778524138c25140e6583427c81a3973e2ddeab8affd6	predicate-43.ibk4.merkle	1	https://danbri.github.io/londat/kgx/graph/web	predicate-43.ibk4.lgi1	predicate-43.ibk4.gbi1
44	https://schema.org/longitude	predicate-44.ibk4	79	15318	d24167e3e9589c4ab8cce9b6459437cfe39cf0771cb261418d475a9fad5031b7	predicate-44.ibk4.merkle	1	https://danbri.github.io/londat/kgx/graph/web	predicate-44.ibk4.lgi1	predicate-44.ibk4.gbi1
45	https://schema.org/parentOrganization	predicate-45.ibk4	21	3767	ff088344b44cd8813d72967226108d718d3f5d090db69650d333e706f2ce893a	predicate-45.ibk4.merkle	1	https://danbri.github.io/londat/kgx/graph/web	predicate-45.ibk4.lgi1	predicate-45.ibk4.gbi1
46	https://danbri.github.io/glitchcan-minigam/magpie/cwplans/data-register.json#vocab/addressText	predicate-46.ibk4	24	5056	d97b7fc2818769bc203ff732a6c1a748a25da3d51644d8b1e66c13283b58ed72	predicate-46.ibk4.merkle	1	https://danbri.github.io/londat/kgx/graph/web	predicate-46.ibk4.lgi1	predicate-46.ibk4.gbi1
47	https://schema.org/brand	predicate-47.ibk4	10	1981	0317f6575f52c084520acaab6c56c3c47991034c2366975f0f04c23355a4714e	predicate-47.ibk4.merkle	1	https://danbri.github.io/londat/kgx/graph/web	predicate-47.ibk4.lgi1	predicate-47.ibk4.gbi1
48	https://schema.org/branchCode	predicate-48.ibk4	6	1049	c5dd7ebc4803c9c1b0d7426fe966cfab6ac11174d0e772939d99e67906da5c24	predicate-48.ibk4.merkle	1	https://danbri.github.io/londat/kgx/graph/web	predicate-48.ibk4.lgi1	predicate-48.ibk4.gbi1
49	https://danbri.github.io/londat/kgx/vocab#descriptionKind	predicate-49.ibk4	427	55369	bc3b1b00466de89a1e76cce4b27a3d60165eddc87924bf667ad5994f79f25b32	predicate-49.ibk4.merkle	1	https://danbri.github.io/londat/kgx/graph/coref-iri	predicate-49.ibk4.lgi1	predicate-49.ibk4.gbi1
50	https://danbri.github.io/londat/kgx/vocab#descriptionKind	predicate-50.ibk4	427	55372	b6d32116058ec9417adae0b64bc4fa63decd31def5402077bac336cd1dfd47e5	predicate-50.ibk4.merkle	1	https://danbri.github.io/londat/kgx/graph/coref-sameAs	predicate-50.ibk4.lgi1	predicate-50.ibk4.gbi1
51	https://schema.org/name	predicate-51.ibk4	425	56692	b1bb8c43ee81579d8a85113bbed4bc5977ef6b684b4297d0c1cc99f95ad9173b	predicate-51.ibk4.merkle	1	https://danbri.github.io/londat/kgx/graph/coref-iri	predicate-51.ibk4.lgi1	predicate-51.ibk4.gbi1
52	https://schema.org/name	predicate-52.ibk4	426	56812	cbee903cb2c61e9b78241987524c6a379ed32655ca2fb99606998ef4cd441858	predicate-52.ibk4.merkle	1	https://danbri.github.io/londat/kgx/graph/coref-sameAs	predicate-52.ibk4.lgi1	predicate-52.ibk4.gbi1
53	https://schema.org/subjectOf	predicate-53.ibk4	427	93216	35b1eda5f4b0904c698848559774d5c5019cf5c67ee5fec8d864d7d3aab007c4	predicate-53.ibk4.merkle	1	https://danbri.github.io/londat/kgx/graph/coref-iri	predicate-53.ibk4.lgi1	predicate-53.ibk4.gbi1
54	https://schema.org/subjectOf	predicate-54.ibk4	427	93248	dd766eaa99a5bbd01fcdb8d764b116c925bdeab7ddb9411e7d96d030e60cadb1	predicate-54.ibk4.merkle	1	https://danbri.github.io/londat/kgx/graph/coref-sameAs	predicate-54.ibk4.lgi1	predicate-54.ibk4.gbi1
55	https://danbri.github.io/londat/kgx/vocab#descriptionKind	predicate-55.ibk4	84	11072	da963ca54be04e101982d3ec2abb9a997d9d59f53f1308d51a3a2ef93a820021	predicate-55.ibk4.merkle	1	https://danbri.github.io/londat/kgx/graph/coref-postcode-name	predicate-55.ibk4.lgi1	predicate-55.ibk4.gbi1
56	https://danbri.github.io/londat/kgx/vocab#descriptionKind	predicate-56.ibk4	47	6347	dae0da2f2325925fe1052a76cb81ca3c40bc934da429e832e69311d13c8c02f6	predicate-56.ibk4.merkle	1	https://danbri.github.io/londat/kgx/graph/coref-telephone	predicate-56.ibk4.lgi1	predicate-56.ibk4.gbi1
57	https://schema.org/name	predicate-57.ibk4	84	13239	15c8ff1cbee70f8b00603d7fe6ed02d291d08866c08e39b2a6f0f9a9080a755d	predicate-57.ibk4.merkle	1	https://danbri.github.io/londat/kgx/graph/coref-postcode-name	predicate-57.ibk4.lgi1	predicate-57.ibk4.gbi1
58	https://schema.org/name	predicate-58.ibk4	47	7377	daac7b5f05257e1d7c60cf29c275e4462b7fcd193ccf47a3df71f8448219422e	predicate-58.ibk4.merkle	1	https://danbri.github.io/londat/kgx/graph/coref-telephone	predicate-58.ibk4.lgi1	predicate-58.ibk4.gbi1
59	https://schema.org/subjectOf	predicate-59.ibk4	84	13404	c412c51e4e22c60936f7c502726272676fd11b8f2ca445828bc8465324639964	predicate-59.ibk4.merkle	1	https://danbri.github.io/londat/kgx/graph/coref-postcode-name	predicate-59.ibk4.lgi1	predicate-59.ibk4.gbi1
60	https://schema.org/subjectOf	predicate-60.ibk4	47	7698	2fc2ea8d8535471ef304621f38d8d5344f6d9e55674c121e0a9a881ad5e720cf	predicate-60.ibk4.merkle	1	https://danbri.github.io/londat/kgx/graph/coref-telephone	predicate-60.ibk4.lgi1	predicate-60.ibk4.gbi1
61	http://www.w3.org/2002/07/owl#sameAs	predicate-61.ibk4	397	54642	d0b8ec8d4a543935a48456c33c6e2db3095abb122cc44ff8f4cab197f227685c	predicate-61.ibk4.merkle	1	https://danbri.github.io/londat/kgx/graph/coref-iri	predicate-61.ibk4.lgi1	predicate-61.ibk4.gbi1
62	http://www.w3.org/2002/07/owl#sameAs	predicate-62.ibk4	49	10297	2211b64f8e1549c6bca93bd4334344bd224fa1ea545b32c09d3eb1597c2761c9	predicate-62.ibk4.merkle	1	https://danbri.github.io/londat/kgx/graph/coref-postcode-name	predicate-62.ibk4.lgi1	predicate-62.ibk4.gbi1
63	http://www.w3.org/2002/07/owl#sameAs	predicate-63.ibk4	26	5800	f5a378205e6a1dae89ea3a11380e4bc747990500e75c1ce7dd0f3ac95460691c	predicate-63.ibk4.merkle	1	https://danbri.github.io/londat/kgx/graph/coref-telephone	predicate-63.ibk4.lgi1	predicate-63.ibk4.gbi1
64	https://danbri.github.io/londat/kgx/vocab#descriptionKind	predicate-64.ibk4	162	21182	d1b27cdd38d38a072ae5af41f7633df1b005a166a9272aa57689c8b3996b70a0	predicate-64.ibk4.merkle	1	https://danbri.github.io/londat/kgx/graph/coref-site-name	predicate-64.ibk4.lgi1	predicate-64.ibk4.gbi1
65	https://schema.org/name	predicate-65.ibk4	162	24580	c91fe8f24591e437a44beaafc2b4fdac070fba47090961e7e94c9c5fd5d5fc74	predicate-65.ibk4.merkle	1	https://danbri.github.io/londat/kgx/graph/coref-site-name	predicate-65.ibk4.lgi1	predicate-65.ibk4.gbi1
66	https://schema.org/subjectOf	predicate-66.ibk4	162	24579	c050ed6285666443d22ac3f377d88330bc9506481288683b0ea10433d6698613	predicate-66.ibk4.merkle	1	https://danbri.github.io/londat/kgx/graph/coref-site-name	predicate-66.ibk4.lgi1	predicate-66.ibk4.gbi1
67	http://www.w3.org/2002/07/owl#sameAs	predicate-67.ibk4	400	54705	96d4325cca7cf618f4b5b386213f169244e6c5fcc0adf51fe7bfaaa7a7de584a	predicate-67.ibk4.merkle	1	https://danbri.github.io/londat/kgx/graph/coref-sameAs	predicate-67.ibk4.lgi1	predicate-67.ibk4.gbi1
68	http://www.w3.org/2002/07/owl#sameAs	predicate-68.ibk4	107	19955	b7cee7c1d6f352c113492affaf3d242ca8a4d64806642f3e30c7537e9568e004	predicate-68.ibk4.merkle	1	https://danbri.github.io/londat/kgx/graph/coref-site-name	predicate-68.ibk4.lgi1	predicate-68.ibk4.gbi1
69	http://purl.org/dc/terms/created	predicate-69.ibk4	12	1119	a61d66e54fb69fb37bee35f453001e7c955f61e9c2149ded954ac4037ec365d8	predicate-69.ibk4.merkle	1	https://danbri.github.io/londat/kgx/graph/meta	predicate-69.ibk4.lgi1	predicate-69.ibk4.gbi1
70	http://purl.org/dc/terms/license	predicate-70.ibk4	12	2280	a02c77ba32644b81764141560c2d1fe533b36a99b432239f7beae71731d5788d	predicate-70.ibk4.merkle	1	https://danbri.github.io/londat/kgx/graph/meta	predicate-70.ibk4.lgi1	predicate-70.ibk4.gbi1
71	http://purl.org/dc/terms/rights	predicate-71.ibk4	2	422	92d4c417b3f6f30ba4113fb1d160a40ad0bcb86e7828e75f0dd3e143b5ea5015	predicate-71.ibk4.merkle	1	https://danbri.github.io/londat/kgx/graph/meta	predicate-71.ibk4.lgi1	predicate-71.ibk4.gbi1
72	http://purl.org/dc/terms/source	predicate-72.ibk4	16	2299	d9ee2bbc03a93b7e617ac8ed143270cca1a59642007da769318e94832a09822a	predicate-72.ibk4.merkle	1	https://danbri.github.io/londat/kgx/graph/meta	predicate-72.ibk4.lgi1	predicate-72.ibk4.gbi1
73	http://purl.org/dc/terms/title	predicate-73.ibk4	12	2861	556fb4480caa32ab95d73e3c3b98b1d72190489697fc51362cf0cb19831b0340	predicate-73.ibk4.merkle	1	https://danbri.github.io/londat/kgx/graph/meta	predicate-73.ibk4.lgi1	predicate-73.ibk4.gbi1
74	http://rdfs.org/ns/void#triples	predicate-74.ibk4	12	1711	4941927706daf2a490da474f6fee6d12d027565f28c3cd022aa1ed0edb09af3e	predicate-74.ibk4.merkle	1	https://danbri.github.io/londat/kgx/graph/meta	predicate-74.ibk4.lgi1	predicate-74.ibk4.gbi1
75	http://www.w3.org/1999/02/22-rdf-syntax-ns#type	predicate-75.ibk4	24	1390	4a56cfd53b21e6b0477b9305c358482f1dc8eae72812d4c2d5dd5e803f6d14d6	predicate-75.ibk4.merkle	1	https://danbri.github.io/londat/kgx/graph/meta	predicate-75.ibk4.lgi1	predicate-75.ibk4.gbi1
76	http://www.w3.org/ns/prov#wasGeneratedBy	predicate-76.ibk4	12	1441	ece19961943707633bebec4524efcb58b170600da0615e600098edaf543703b6	predicate-76.ibk4.merkle	1	https://danbri.github.io/londat/kgx/graph/meta	predicate-76.ibk4.lgi1	predicate-76.ibk4.gbi1
77	http://www.opengis.net/ont/geosparql#asWKT	predicate-77.ibk4	1129	411696	9f9190732a2049909afcb58ff55be4c3cec54c31874065e4b9ef032bc371fc1f	predicate-77.ibk4.merkle	1	https://danbri.github.io/londat/kgx/graph/buildings	predicate-77.ibk4.lgi1	predicate-77.ibk4.gbi1
78	http://www.w3.org/1999/02/22-rdf-syntax-ns#type	predicate-78.ibk4	3387	215999	e2362eefa592a9d91fa365801b130e6dec9b73408f72658626da0538b8e4e569	predicate-78.ibk4.merkle	1	https://danbri.github.io/londat/kgx/graph/buildings	predicate-78.ibk4.lgi1	predicate-78.ibk4.gbi1
79	http://www.opengis.net/ont/geosparql#hasGeometry	predicate-79.ibk4	1129	170706	f605b41cfe9a09990f38b2baedaf77b3d43b8c77603582ca66b1e6842748b8bd	predicate-79.ibk4.merkle	1	https://danbri.github.io/londat/kgx/graph/buildings	predicate-79.ibk4.lgi1	predicate-79.ibk4.gbi1
80	https://danbri.github.io/londat/kgx/vocab#buildingTag	predicate-80.ibk4	1129	93753	0f2fc017c648ceb9c4481f8886751df7052ef04402b7e4c57d1eaf7f7b161063	predicate-80.ibk4.merkle	1	https://danbri.github.io/londat/kgx/graph/buildings	predicate-80.ibk4.lgi1	predicate-80.ibk4.gbi1
81	https://danbri.github.io/londat/kgx/vocab#footprintAreaM2	predicate-81.ibk4	1129	123517	4221f632805949a6a740bbe1455bb5c761e7d43c163c365d5c3d20cf8e5955ce	predicate-81.ibk4.merkle	1	https://danbri.github.io/londat/kgx/graph/buildings	predicate-81.ibk4.lgi1	predicate-81.ibk4.gbi1
82	https://danbri.github.io/londat/kgx/vocab#houseName	predicate-82.ibk4	170	24711	13568eec2d9d79a56748c27fbf737cb8547ac76da7fc464be7906cfc78ea28d2	predicate-82.ibk4.merkle	1	https://danbri.github.io/londat/kgx/graph/buildings	predicate-82.ibk4.lgi1	predicate-82.ibk4.gbi1
83	https://danbri.github.io/londat/kgx/vocab#levels	predicate-83.ibk4	633	53940	06c8bab7487de446653bac12d84a41d0eb58dd18a60648adc89cffd707089d41	predicate-83.ibk4.merkle	1	https://danbri.github.io/londat/kgx/graph/buildings	predicate-83.ibk4.lgi1	predicate-83.ibk4.gbi1
84	https://danbri.github.io/londat/kgx/vocab#toid	predicate-84.ibk4	1412	171509	d12370aa26a74b1400c0263ddb1505439446b02d7bb763f13d8acff9c4db3368	predicate-84.ibk4.merkle	1	https://danbri.github.io/londat/kgx/graph/buildings	predicate-84.ibk4.lgi1	predicate-84.ibk4.gbi1
85	https://danbri.github.io/londat/kgx/vocab#uprnCount	predicate-85.ibk4	868	77772	65ed8f7b3309802262765b57ab53b8dcba7b3cb4ade2c1f45dfb6774994baa51	predicate-85.ibk4.merkle	1	https://danbri.github.io/londat/kgx/graph/buildings	predicate-85.ibk4.lgi1	predicate-85.ibk4.gbi1
86	https://schema.org/identifier	predicate-86.ibk4	1129	156010	d18262d49525c97cd0b4400026e349ca00a154f327c6de7eac562d82c8c3b772	predicate-86.ibk4.merkle	1	https://danbri.github.io/londat/kgx/graph/buildings	predicate-86.ibk4.lgi1	predicate-86.ibk4.gbi1
87	https://schema.org/latitude	predicate-87.ibk4	1129	153667	90602ea33bffc615d608923fa7198eda5cbc3cf67db21e74ab9ba1e2316d80ae	predicate-87.ibk4.merkle	1	https://danbri.github.io/londat/kgx/graph/buildings	predicate-87.ibk4.lgi1	predicate-87.ibk4.gbi1
88	https://schema.org/longitude	predicate-88.ibk4	1129	156444	8c48cfb30547bd8c5b2b3df83efabdb515fa4e52dffe0ba9d730cc67330c0c49	predicate-88.ibk4.merkle	1	https://danbri.github.io/londat/kgx/graph/buildings	predicate-88.ibk4.lgi1	predicate-88.ibk4.gbi1
89	https://schema.org/name	predicate-89.ibk4	315	46426	a87e7e84f306c4de4fb3db3e78a99a06947255a57988266c325bf37f559aab51	predicate-89.ibk4.merkle	1	https://danbri.github.io/londat/kgx/graph/buildings	predicate-89.ibk4.lgi1	predicate-89.ibk4.gbi1
90	https://schema.org/postalCode	predicate-90.ibk4	1146	107619	91e4a3bc35867365bc7aa58a62c92d50f10376985e20133c692e03be1137613a	predicate-90.ibk4.merkle	1	https://danbri.github.io/londat/kgx/graph/buildings	predicate-90.ibk4.lgi1	predicate-90.ibk4.gbi1
91	https://schema.org/sameAs	predicate-91.ibk4	1129	146058	9a53da4d0256005779e5400aff6f476bd85513ed0334371ce895bbde0885b9b1	predicate-91.ibk4.merkle	1	https://danbri.github.io/londat/kgx/graph/buildings	predicate-91.ibk4.lgi1	predicate-91.ibk4.gbi1
92	http://www.w3.org/1999/02/22-rdf-syntax-ns#type	predicate-92.ibk4	1486	180309	2b1286fcbc8a61a922156fa20cf6ee04b93ef8b73564c80ff09ff12974863767	predicate-92.ibk4.merkle	1	https://danbri.github.io/londat/kgx/graph/occupants	predicate-92.ibk4.lgi1	predicate-92.ibk4.gbi1
93	https://danbri.github.io/londat/kgx/vocab#cqcLocationId	predicate-93.ibk4	39	7425	76b3369a69c403b027239d1ec49218958ba232eaba681a114b44d3d2c104dcfb	predicate-93.ibk4.merkle	1	https://danbri.github.io/londat/kgx/graph/occupants	predicate-93.ibk4.lgi1	predicate-93.ibk4.gbi1
94	https://danbri.github.io/londat/kgx/vocab#odsCode	predicate-94.ibk4	147	26557	796a1486586ecfbb720f38fa0e595dcf6c7b6038fee812882877d56eb44b4872	predicate-94.ibk4.merkle	1	https://danbri.github.io/londat/kgx/graph/occupants	predicate-94.ibk4.lgi1	predicate-94.ibk4.gbi1
95	https://danbri.github.io/londat/kgx/vocab#role	predicate-95.ibk4	1486	185727	307d80738e92ae8ace4f543cf4cac79830619e3ea398b63466af203a2433540b	predicate-95.ibk4.merkle	1	https://danbri.github.io/londat/kgx/graph/occupants	predicate-95.ibk4.lgi1	predicate-95.ibk4.gbi1
96	https://danbri.github.io/londat/kgx/vocab#sourceKind	predicate-96.ibk4	1486	181309	472cf1f527acae3af49c719ca19d7526bb4ab6517603fafa4ceae581328737c9	predicate-96.ibk4.merkle	1	https://danbri.github.io/londat/kgx/graph/occupants	predicate-96.ibk4.lgi1	predicate-96.ibk4.gbi1
97	https://schema.org/containedInPlace	predicate-97.ibk4	1486	197827	10c918b644d536fdbb7ea2cbe4016ae0c02fbd8617b55a618ee93648681ce4b1	predicate-97.ibk4.merkle	1	https://danbri.github.io/londat/kgx/graph/occupants	predicate-97.ibk4.lgi1	predicate-97.ibk4.gbi1
98	https://schema.org/name	predicate-98.ibk4	1484	266748	3f98a1207688f2214e53fdb0bd57821a584357a684ff9cf8731f732685d12dff	predicate-98.ibk4.merkle	1	https://danbri.github.io/londat/kgx/graph/occupants	predicate-98.ibk4.lgi1	predicate-98.ibk4.gbi1
99	https://schema.org/openingHours	predicate-99.ibk4	131	25264	d474e4fd35fe0bef91d76a1c9e3386ed2f40e94ee970a3537808ec05a77fe432	predicate-99.ibk4.merkle	1	https://danbri.github.io/londat/kgx/graph/occupants	predicate-99.ibk4.lgi1	predicate-99.ibk4.gbi1
100	https://schema.org/sameAs	predicate-100.ibk4	966	149178	9c926f54cf3f409a9e555297685a022f79566fbc15b9c0c25330a8c68a5eaeab	predicate-100.ibk4.merkle	1	https://danbri.github.io/londat/kgx/graph/occupants	predicate-100.ibk4.lgi1	predicate-100.ibk4.gbi1
101	https://schema.org/brand	predicate-101.ibk4	260	39255	25ee52776fc670c8c9c0b0595b71eb553aab6ddbb084caaf96e1641a740c2751	predicate-101.ibk4.merkle	1	https://danbri.github.io/londat/kgx/graph/occupants	predicate-101.ibk4.lgi1	predicate-101.ibk4.gbi1
102	https://schema.org/servesCuisine	predicate-102.ibk4	128	17890	95377555ec309be99364861f43b056ad0f5418e5a55861a2826001b7ee979264	predicate-102.ibk4.merkle	1	https://danbri.github.io/londat/kgx/graph/occupants	predicate-102.ibk4.lgi1	predicate-102.ibk4.gbi1
103	https://schema.org/url	predicate-103.ibk4	224	37505	c63104a266c793fd418d438d1a1119e7c2d82c95543c6fe5d8505f797866e3b5	predicate-103.ibk4.merkle	1	https://danbri.github.io/londat/kgx/graph/occupants	predicate-103.ibk4.lgi1	predicate-103.ibk4.gbi1
104	http://www.w3.org/2002/07/owl#sameAs	predicate-104.ibk4	89	11198	ea4d1eb8d265c39bd7646af6438ee0b4c0a54ba1404050533079d2a81c8723e1	predicate-104.ibk4.merkle	1	https://danbri.github.io/londat/kgx/graph/buildings	predicate-104.ibk4.lgi1	predicate-104.ibk4.gbi1
105	https://schema.org/alternateName	predicate-105.ibk4	27	3996	87de8b6b7afa2fcc6fa220a601f604f95c06e6401404b100019df4de72662b80	predicate-105.ibk4.merkle	1	https://danbri.github.io/londat/kgx/graph/buildings	predicate-105.ibk4.lgi1	predicate-105.ibk4.gbi1
106	https://danbri.github.io/londat/kgx/vocab#level	predicate-106.ibk4	397	48680	5e2491dd3970b4e840da9a8daeae87f90023791f61626ae1344152a8efd263a5	predicate-106.ibk4.merkle	1	https://danbri.github.io/londat/kgx/graph/occupants	predicate-106.ibk4.lgi1	predicate-106.ibk4.gbi1
107	https://danbri.github.io/londat/kgx/vocab#heightMetres	predicate-107.ibk4	67	7493	aee4fc505ebe69b9e6504f2de5513b24f0dc3a28c6801606e8abefdf7da54e3c	predicate-107.ibk4.merkle	1	https://danbri.github.io/londat/kgx/graph/buildings	predicate-107.ibk4.lgi1	predicate-107.ibk4.gbi1
108	https://danbri.github.io/londat/kgx/vocab#webOpeningHours	predicate-108.ibk4	70	15933	d01ef8d17577a17669d96634b00e8da0c4bf71f935400f2ca9690418270b75a5	predicate-108.ibk4.merkle	1	https://danbri.github.io/londat/kgx/graph/occupants	predicate-108.ibk4.lgi1	predicate-108.ibk4.gbi1
109	https://danbri.github.io/londat/kgx/vocab#mall	predicate-109.ibk4	301	36383	d71b41b9bb1e7be05e7e34ab408b24a31566c78f76fe6e20ac37e846febdf77f	predicate-109.ibk4.merkle	1	https://danbri.github.io/londat/kgx/graph/occupants	predicate-109.ibk4.lgi1	predicate-109.ibk4.gbi1
110	https://danbri.github.io/londat/kgx/vocab#brandName	predicate-110.ibk4	1	341	d24846dff08293aa9379f29e849ee17097fb009740dde8dd631768722501954e	predicate-110.ibk4.merkle	1	https://danbri.github.io/londat/kgx/graph/occupants	predicate-110.ibk4.lgi1	predicate-110.ibk4.gbi1
111	https://danbri.github.io/londat/kgx/vocab#levelsUnderground	predicate-111.ibk4	2	387	8bdd7c5cde414154d0e432a2524d09ee3c565b27fd363b4a0ec80296bf1fff94	predicate-111.ibk4.merkle	1	https://danbri.github.io/londat/kgx/graph/buildings	predicate-111.ibk4.lgi1	predicate-111.ibk4.gbi1
112	http://www.opengis.net/ont/geosparql#asWKT	predicate-112.ibk4	1415	568424	d9637affc6a14f693ec9f43a9e9d8fada2dbe0ad5fe180cc2b91f58e123aa0e6	predicate-112.ibk4.merkle	1	https://danbri.github.io/londat/kgx/graph/mallmap	predicate-112.ibk4.lgi1	predicate-112.ibk4.gbi1
113	http://www.w3.org/1999/02/22-rdf-syntax-ns#type	predicate-113.ibk4	2830	249665	5f52b8dcdc8f5f6a5ffeee168ef8ea3abea02cabf2052cc52996cc60d421cd2e	predicate-113.ibk4.merkle	1	https://danbri.github.io/londat/kgx/graph/mallmap	predicate-113.ibk4.lgi1	predicate-113.ibk4.gbi1
114	http://www.opengis.net/ont/geosparql#hasGeometry	predicate-114.ibk4	1415	221206	ffa6d83290d0d22c8c64e02d38cd00f7eb527d79845320986ab00e824429ba39	predicate-114.ibk4.merkle	1	https://danbri.github.io/londat/kgx/graph/mallmap	predicate-114.ibk4.lgi1	predicate-114.ibk4.gbi1
115	https://danbri.github.io/londat/kgx/vocab#floorLevel	predicate-115.ibk4	1415	118934	b41e4cbf92f63e5e99ea08487a225928147625ab23cee05c1aeed75f2b8419cd	predicate-115.ibk4.merkle	1	https://danbri.github.io/londat/kgx/graph/mallmap	predicate-115.ibk4.lgi1	predicate-115.ibk4.gbi1
116	https://danbri.github.io/londat/kgx/vocab#floorName	predicate-116.ibk4	1415	118975	762e7fa7d738128f6f3b89b12e9cb3004e7c992635e802fa535caae81d912f25	predicate-116.ibk4.merkle	1	https://danbri.github.io/londat/kgx/graph/mallmap	predicate-116.ibk4.lgi1	predicate-116.ibk4.gbi1
117	https://danbri.github.io/londat/kgx/vocab#mall	predicate-117.ibk4	1415	119108	bd0e2c24accd128c81e5706af67e6b8f4a838502e6ca97f0a8e2afa8972aefe4	predicate-117.ibk4.merkle	1	https://danbri.github.io/londat/kgx/graph/mallmap	predicate-117.ibk4.lgi1	predicate-117.ibk4.gbi1
118	https://danbri.github.io/londat/kgx/vocab#unitClass	predicate-118.ibk4	1415	119395	acea1d9f0ab25b108af149b3a19df1b81476402713f3d7df3364ef0fd4f0e795	predicate-118.ibk4.merkle	1	https://danbri.github.io/londat/kgx/graph/mallmap	predicate-118.ibk4.lgi1	predicate-118.ibk4.gbi1
119	https://danbri.github.io/londat/kgx/vocab#unitType	predicate-119.ibk4	1415	122967	97481975a38e219688f2e9948bc746645119d8f44c31929da9c3db3771e29734	predicate-119.ibk4.merkle	1	https://danbri.github.io/londat/kgx/graph/mallmap	predicate-119.ibk4.lgi1	predicate-119.ibk4.gbi1
120	https://schema.org/latitude	predicate-120.ibk4	1415	192799	5c00f836b166c85d0a79e771ff432220e54d7afdbe364a8798b87f064b55dd3b	predicate-120.ibk4.merkle	1	https://danbri.github.io/londat/kgx/graph/mallmap	predicate-120.ibk4.lgi1	predicate-120.ibk4.gbi1
121	https://schema.org/longitude	predicate-121.ibk4	1415	193831	5a0b66236fb62ba7369d1344737830334fe4c786ebe9ae358fc7a03b9147bf91	predicate-121.ibk4.merkle	1	https://danbri.github.io/londat/kgx/graph/mallmap	predicate-121.ibk4.lgi1	predicate-121.ibk4.gbi1
122	https://schema.org/name	predicate-122.ibk4	1086	120833	b7fc26588a11cb282be314086ea2fd675134f09b4efd180437b70190a05cdb99	predicate-122.ibk4.merkle	1	https://danbri.github.io/londat/kgx/graph/mallmap	predicate-122.ibk4.lgi1	predicate-122.ibk4.gbi1
123	https://danbri.github.io/londat/kgx/vocab#openingTimesText	predicate-123.ibk4	730	106927	701e64579b234f882dc05a04dbf90189eb3ac937fe607d44f8f303f8fe18c12c	predicate-123.ibk4.merkle	1	https://danbri.github.io/londat/kgx/graph/mallmap	predicate-123.ibk4.lgi1	predicate-123.ibk4.gbi1
124	https://schema.org/address	predicate-124.ibk4	887	91352	cda876db2dfb4123a67867f98da0e837f1305a8b3a5351951223397d743e01fa	predicate-124.ibk4.merkle	1	https://danbri.github.io/londat/kgx/graph/mallmap	predicate-124.ibk4.lgi1	predicate-124.ibk4.gbi1
125	https://schema.org/telephone	predicate-125.ibk4	370	41334	711931282e20e241bb129e06086b1c2d0e2ba9b55f97db12a99375253ee0d633	predicate-125.ibk4.merkle	1	https://danbri.github.io/londat/kgx/graph/mallmap	predicate-125.ibk4.lgi1	predicate-125.ibk4.gbi1
126	https://schema.org/url	predicate-126.ibk4	612	61233	f57f9323645d294c543ebe9e411bae253890746f65741fc528a7773cb2da8ab5	predicate-126.ibk4.merkle	1	https://danbri.github.io/londat/kgx/graph/mallmap	predicate-126.ibk4.lgi1	predicate-126.ibk4.gbi1
127	http://purl.org/dc/terms/date	predicate-127.ibk4	360	29365	bcabd21f7f56916c47b5897ec6d19c04527a195cceadb5ab6705c9fae5d87269	predicate-127.ibk4.merkle	1	https://danbri.github.io/londat/kgx/graph/facts	predicate-127.ibk4.lgi1	predicate-127.ibk4.gbi1
128	http://www.w3.org/1999/02/22-rdf-syntax-ns#type	predicate-128.ibk4	360	29382	de8855a11a757e0405d039a8dc411ba103111d1afc03adc9e8faa01aa614f3fa	predicate-128.ibk4.merkle	1	https://danbri.github.io/londat/kgx/graph/facts	predicate-128.ibk4.lgi1	predicate-128.ibk4.gbi1
129	https://danbri.github.io/londat/kgx/vocab#about	predicate-129.ibk4	360	34017	d84cac3672069c4be225b3ed30573c11ff834b7d134449033c5e752a3ec3a0a4	predicate-129.ibk4.merkle	1	https://danbri.github.io/londat/kgx/graph/facts	predicate-129.ibk4.lgi1	predicate-129.ibk4.gbi1
130	https://danbri.github.io/londat/kgx/vocab#quote	predicate-130.ibk4	360	61902	f3fd5c621034863676ef02b2d2fe21d78994017c466f5e251daa54769d8762c2	predicate-130.ibk4.merkle	1	https://danbri.github.io/londat/kgx/graph/facts	predicate-130.ibk4.lgi1	predicate-130.ibk4.gbi1
131	https://danbri.github.io/londat/kgx/vocab#referenceLevel	predicate-131.ibk4	323	31007	22dabd618023eb8a33a9b3a9fcff18483a830058001f7d4af2caec77050d7200	predicate-131.ibk4.merkle	1	https://danbri.github.io/londat/kgx/graph/facts	predicate-131.ibk4.lgi1	predicate-131.ibk4.gbi1
132	https://schema.org/citation	predicate-132.ibk4	360	35163	e4d0a9a66450def5faed7badef14d3d4563e17fe63e3dd162dc79cfcbc2010fc	predicate-132.ibk4.merkle	1	https://danbri.github.io/londat/kgx/graph/facts	predicate-132.ibk4.lgi1	predicate-132.ibk4.gbi1
133	https://schema.org/propertyID	predicate-133.ibk4	360	41477	ddd8899e1e21ce3767a373dc3143f865760dd32c7e88a97d6972c5d9264f8df3	predicate-133.ibk4.merkle	1	https://danbri.github.io/londat/kgx/graph/facts	predicate-133.ibk4.lgi1	predicate-133.ibk4.gbi1
134	https://schema.org/unitText	predicate-134.ibk4	332	28108	f15fce1f0eec3d0bd0135e6d38bcb67adf56bb2675945d42f6bcb862d84efbec	predicate-134.ibk4.merkle	1	https://danbri.github.io/londat/kgx/graph/facts	predicate-134.ibk4.lgi1	predicate-134.ibk4.gbi1
135	https://schema.org/value	predicate-135.ibk4	360	42923	91d1b0e2b0737c01e6f3069881b4ca3b7d69ed286e5b756aec28f665fa6757bc	predicate-135.ibk4.merkle	1	https://danbri.github.io/londat/kgx/graph/facts	predicate-135.ibk4.lgi1	predicate-135.ibk4.gbi1
136	http://www.w3.org/2000/01/rdf-schema#comment	predicate-136.ibk4	135	14980	398353d57607a4c15c3d1bbf6c990293bee0268becbebe6605fbc7e5d35d354e	predicate-136.ibk4.merkle	1	https://danbri.github.io/londat/kgx/graph/facts	predicate-136.ibk4.lgi1	predicate-136.ibk4.gbi1
137	http://www.w3.org/1999/02/22-rdf-syntax-ns#type	predicate-137.ibk4	654	76964	a27af2b6d84043606f943353ad38ee4e248ec15257c93116cc6ec07b4094b0d0	predicate-137.ibk4.merkle	1	https://danbri.github.io/londat/kgx/graph/storeguide	predicate-137.ibk4.lgi1	predicate-137.ibk4.gbi1
138	https://danbri.github.io/londat/kgx/vocab#gridRef	predicate-138.ibk4	705	84777	b9eec1fb3d7d1a61015c0f997702fc20b17f1151bd9cbd50f80cb6bdd199c56a	predicate-138.ibk4.merkle	1	https://danbri.github.io/londat/kgx/graph/storeguide	predicate-138.ibk4.lgi1	predicate-138.ibk4.gbi1
139	https://danbri.github.io/londat/kgx/vocab#guideGroup	predicate-139.ibk4	654	77092	8f365dbe8149f0643934b1cd83053d6963458ded7901840448aa7512a6e3e781	predicate-139.ibk4.merkle	1	https://danbri.github.io/londat/kgx/graph/storeguide	predicate-139.ibk4.lgi1	predicate-139.ibk4.gbi1
140	https://danbri.github.io/londat/kgx/vocab#guidePage	predicate-140.ibk4	654	77013	1a0f6fdbf6ac4847177bd84b742d1aeb40ec0a3de06c94304394cf09567848ed	predicate-140.ibk4.merkle	1	https://danbri.github.io/londat/kgx/graph/storeguide	predicate-140.ibk4.lgi1	predicate-140.ibk4.gbi1
141	https://danbri.github.io/londat/kgx/vocab#guideSection	predicate-141.ibk4	654	77458	cc9578368942a2496eaede9c02980c454c242e353a4a19d71272d2c4c0c3d9f1	predicate-141.ibk4.merkle	1	https://danbri.github.io/londat/kgx/graph/storeguide	predicate-141.ibk4.lgi1	predicate-141.ibk4.gbi1
142	https://danbri.github.io/londat/kgx/vocab#ocrConfidence	predicate-142.ibk4	654	77903	0c611ec465b4782bad046f900d36c4cd89df50671e820df2e96b1797f0b13ee9	predicate-142.ibk4.merkle	1	https://danbri.github.io/londat/kgx/graph/storeguide	predicate-142.ibk4.lgi1	predicate-142.ibk4.gbi1
143	https://danbri.github.io/londat/kgx/vocab#ocrText	predicate-143.ibk4	654	121858	3f96bc19959aec7474c1e9e2b4e45a25a3b5c9f2ced930aee283495e6f344af7	predicate-143.ibk4.merkle	1	https://danbri.github.io/londat/kgx/graph/storeguide	predicate-143.ibk4.lgi1	predicate-143.ibk4.gbi1
144	https://schema.org/name	predicate-144.ibk4	654	112538	c8517fd783b4a4b79a44797f53d88cacde3338306289c7027fa7fe082713d27c	predicate-144.ibk4.merkle	1	https://danbri.github.io/londat/kgx/graph/storeguide	predicate-144.ibk4.lgi1	predicate-144.ibk4.gbi1
145	https://schema.org/sameAs	predicate-145.ibk4	276	44363	a7e501eb081e81d3afb3e7cbb714f78e79af69edf15a86ce7a6e16684abdab25	predicate-145.ibk4.merkle	1	https://danbri.github.io/londat/kgx/graph/storeguide	predicate-145.ibk4.lgi1	predicate-145.ibk4.gbi1
146	http://www.w3.org/2000/01/rdf-schema#comment	predicate-146.ibk4	44	7203	d82b9b0d9b729813e9b077ef95056c759225d932e537a32069207805614d7ed3	predicate-146.ibk4.merkle	1	https://danbri.github.io/londat/kgx/graph/storeguide	predicate-146.ibk4.lgi1	predicate-146.ibk4.gbi1
147	https://danbri.github.io/londat/kgx/vocab#levelText	predicate-147.ibk4	5	978	0b888e1822161647d02af635f59f6f3f9b4744d2a866efaf74c2cc77d86bed84	predicate-147.ibk4.merkle	1	https://danbri.github.io/londat/kgx/graph/storeguide	predicate-147.ibk4.lgi1	predicate-147.ibk4.gbi1
148	https://danbri.github.io/londat/kgx/vocab#buildingText	predicate-148.ibk4	124	17418	e8bef0f36b2e478abc4e4799029123ca4b0ed8c642b1c0edcacbcd703a7099ae	predicate-148.ibk4.merkle	1	https://danbri.github.io/londat/kgx/graph/storeguide	predicate-148.ibk4.lgi1	predicate-148.ibk4.gbi1
